Designator,Footprint,Quantity,Value,LCSC Part #
C9,C_0805_2012Metric_Pad1.18x1.45mm_HandSolder,1,10µF,
C11,C_0805_2012Metric_Pad1.18x1.45mm_HandSolder,1,100n,
R2,R_0805_2012Metric_Pad1.20x1.40mm_HandSolder,1,5.1k,
R4,R_0805_2012Metric_Pad1.20x1.40mm_HandSolder,1,220,
C13,C_0805_2012Metric_Pad1.18x1.45mm_HandSolder,1,100nF,
SW1,SW_Push_1P2T_Vertical_E-Switch_800UDP8P1A1M6,1,120,
J3,PinHeader_1x04_P2.54mm_Vertical,1,CAN,
U3,LQFP-48_7x7mm_P0.5mm,1,STM32F302C6Tx,
SW3,SW_SPST_CK_RS282G05A3,1,BOOT,
C4,C_0805_2012Metric_Pad1.18x1.45mm_HandSolder,1,100nF,
J2,690367290476,1,CAN,
R3,R_0805_2012Metric_Pad1.20x1.40mm_HandSolder,1,5.1k,
C12,C_0805_2012Metric_Pad1.18x1.45mm_HandSolder,1,100nF,
SW2,SW_Push_1P2T_Vertical_E-Switch_800UDP8P1A1M6,1,120,
C14,C_0805_2012Metric_Pad1.18x1.45mm_HandSolder,1,100nF,
R5,R_0805_2012Metric_Pad1.20x1.40mm_HandSolder,1,560,
R1,R_0805_2012Metric_Pad1.20x1.40mm_HandSolder,1,120,
D2,LED_0805_2012Metric_Pad1.15x1.40mm_HandSolder,1,LED_DEBUG,
C5,C_0805_2012Metric_Pad1.18x1.45mm_HandSolder,1,47p,
C3,C_0805_2012Metric_Pad1.18x1.45mm_HandSolder,1,47p,
R9,R_0805_2012Metric_Pad1.20x1.40mm_HandSolder,1,120,
C7,C_0805_2012Metric_Pad1.18x1.45mm_HandSolder,1,18p,
U2,SOIC-8_3.9x4.9mm_P1.27mm,1,SN65HVD232,
D4,LED_0805_2012Metric_Pad1.15x1.40mm_HandSolder,1,LED_DEBUG,
R8,R_0805_2012Metric_Pad1.20x1.40mm_HandSolder,1,120,
C8,C_0805_2012Metric_Pad1.18x1.45mm_HandSolder,1,18p,
C10,C_0805_2012Metric_Pad1.18x1.45mm_HandSolder,1,100nF,
D1,LED_0805_2012Metric_Pad1.15x1.40mm_HandSolder,1,LED_DEBUG,
D3,SOT-23,1,D_TVS_x2_AAC,
R7,R_0805_2012Metric_Pad1.20x1.40mm_HandSolder,1,1.5k,
SW4,SW_SPST_CK_RS282G05A3,1,RST,
D5,LED_0805_2012Metric_Pad1.15x1.40mm_HandSolder,1,LED_DEBUG,
R6,R_0805_2012Metric_Pad1.20x1.40mm_HandSolder,1,10k,
Y1,Crystal_SMD_5032-4Pin_5.0x3.2mm,1,8MHz,
C6,C_0805_2012Metric_Pad1.18x1.45mm_HandSolder,1,10u,
J1,USB_C_Receptacle_GCT_USB4085,1,USB_C_Receptacle_USB2.0,
C2,C_0805_2012Metric_Pad1.18x1.45mm_HandSolder,1,10u,
U1,SOT-223-3_TabPin2,1,NCP1117-3.3_SOT223,
C1,C_0805_2012Metric_Pad1.18x1.45mm_HandSolder,1,10u,
